article_id,headline,text
021-HZF-1875-09-28-001-20281_toc_1,," E ברוסיא ופולין.  השולח במוקדם לשנה 5 רו״כ.  לחצי שנה, 2,75 רו״כ.   לרבע שנה 1,50 רו""כ.  ל ביתר הארצות 20 פראנק.  באמעריקא 5 דאללאר.  ו"
021-HZF-1875-09-28-001-20281_toc_2,, A מחירו באשכנז:  14 רייכם מארק לשנה.  בעסטרייך 8 פל׳ לשנה.  וכן לרבע שנה. 4 שכר מודעות: מכל שורה 5 קאפ׳. אל  
021-HZF-1875-09-28-001-20281_toc_3,".; .מכתב.עתי מש^עי •הדשות "".,- *בקרב עם ..."," לי-  — עתי משפיע חדשות  מר ייר בריים בקרב עם ישרון מכל הדברים הנוגעים בעניני המדינות, 1 . יד- רר  דברי חכמה ומדע, ידיעות העולם והטבע. יוצא לאור אחת בשבוע מאת חיים זעליג סלאנימסקי."
021-HZF-1875-09-28-001-20281_toc_4,,"  ראל״רל הודעות המו״ל. הגליון הזה הוא האחרון לרבע הג׳ משנה זו, וע״כ נבקש מאת כל החותמים הנכבדים אשר לא שלמו עדיין בעד העבר, לשלוח את המגיע מהם, אם ליד הסוכן שבעירם, ואם אל הרעדאקציע, והחפצים לכתוב ידם אל הצפירה על להבא, ייטיבו בחסדם להקדים חתימתם, השולח מעותיו להרעדאקציע בהקדם לשנה תמימה, ישלם רק 5 רו״כ, ולחצי שנה 2.75, והשולחים מחו״ל יוכלו לשלוח בכסף מדינתם ירק קאמאנדירט, ע״פ האדרעססע שלנו  ז S. Saisaeli in Wauesia ERA. . . .   יום על היה לא יהיה אל נאל —"
021-HZF-1875-09-28-001-20281_toc_5,תוכן הענינים., תוכן הענינים. רוססלאנד. ווארשא. אדעססא. הוראדנא. לובלין. אשכנז. ברלין. משיב דבר מאת זאב וואלף גלאנטי. עת לכל חפץ. ידיעות העולם והטבע. כח האברים בבעלי החיים מאת המו״ל. תלאות החכמים מאת ט״ף שפירא. נסיעה במדבר זאהארא. חדשות שונות. הודעות.
021-HZF-1875-09-28-001-20281_toc_6, רוסלאנד.," . יעמוד על הבחינה לפני הפראפעסארן, ואשר כבר גמר חוק הלמודים בכל מדרגות הגימנאזיום, יוכל לבוא בקורם השני בבית הזה. אדעססא ביום א׳ בשבוע, הוא יום ז׳ סעפטעמבר, עבר דרך עירנו אדונינו הקיסר אלכסנדר השני יר""ה. בלכתו למסעיו אל משכן כבודו בליוואדיא (אצל יאלטא במדינת קרים, חוף ים השחור). אין קצה לכל הגדולה וההוד אשר נעשו לעבודו פה. כל בתי העיר היו כלולים ברגלים, באדרוו יקר, בודי פרחים, בתמונות השליט הרם והנשא, ובכתובות הנאותות לדבר. כל תלמידי בתי הספר אשר להממשלה ואשר לנשים פרטים למקטנם ועד גדולם מלובשים בגדי פאר יצא נצבים משני עברי החוצות אשר עבר בהן הקיסר עם השום אשר הוא נשען על ידם. בבואו בשעה השמינית בבקר""א לא עבות, קדם הממלא מקום ראש העיר גאלאווא את פני בלחם ומלח כמנהג מימי קדם קדמתה, ומשנה הרב הח׳ הבשן ר׳ שלמה מאנדעלקערן הגיש לו תשורה ע""י שר העיר (ואדאנאטשאלניק Bucharin) את ספרו „דברי ימי רוסיה ופרשת תכליתו ותכונתו. בתכריך יקר ונעים. אחרי אשר סרהקיסר ברכבו ובפרשיו אל בית תפלת הנוצרים לעמוד שם אל רנה ואל התפלה, הואיל לבקר את האינסטיטוט לחנוך בנות האילים, ויסע אל סכת-שלום (פאוויליאן) אשר הכינו לו על כר נרח הנשקף על פני הים בקצה העיר, לבעבור אשר יטע בידיו ארהען הראשון בגן הגדול העתיד להתכונן שמה. כהתמו  רוסלאנד. ווארשא בשבוע העבר נפתח פה עירנו בית מדרש גבוה ללמודי המסחר, (העהערע האנדעלס - שולע) כתבנית בתי ספר כאלה הנמצאים מכבר בערי מאסקויא ופ""ב ורוב העיירות הגדולות בחו״ל, הבית הזה הוקם על בהוצאות ונדבת ידי האדון הנכבד ה׳ לעאפאלד קראנענבערג, — כל איש היודע להעריך את הטובה הרבה הצפונה בבית הזה לנערי ארצנו המבקשים להם מטרה נכונה בלמודיהם, ירחש תודה וברכה להאדון הנדיב הזה. המסחר הוא בימינו אלה עמוד הימיני אשר עליו נשענים רב האושר וההצלחה בעולם המעשה, ואין חכמה וידיעה בימינו אשר מצאה לה נתיב רחב בדרכי החיים כמו המסחר, וביותר לאחינו ב״י אשר הוא מקור נאמן לא אכזב לכל איש היודע להכין יושר דרכו במועצת ודעת, — הבית הזה יכיל בקרבו שלש מדרגות (קורסען), כל החפץ לבוא במדרגה הראשונה, מהנחוץ לו להביא תעודה כי הכין למודיו בארבע המדרגות הראשונות אשר בגימנאזיום, או את מעשהו פה, נסע אל מחנה החיל (לאגער) הרב והעצום אשר נקבצו ובאו הלום. שם הצינו לפניו עשרים ושתים מנערי צבא המלחמה (יונקערס), ובראשם אחד מאחב״י ושמו יצחק בר׳ ישראל פריימאן. האברך הזה היה במספר שלשת המתנדבים (פרייווילליגע) לבוא בצבא בשנה העברה, ואשר עליהם נשא משנה הרב הנ״ל את מדברו הנאוה „דבר בעתו"" בשפת רוסיא, בהשביעו אותם שבועות אמונים. הקיסר נ""י שאל את ה׳ פריימאן שם משפחתו, ויברך אותו ואת מרעיו בתור מעלת אפיציר ובכן הוא הראש והראשון מאחב״י אשר הועלה על המדרגה הזאת ברוסיא החדשה, אחרי לדת חק החדש בעבודת הצבא הכללית. הדבר הזה היה לשמחת לב כל בני ישראל פה, וישישו עוד משנה ששון כאשר שמעו כן ראו כי בעצם היום הזה נשא משאת מאת פניו, ויכבד את הרב הח׳ הר״ש מאנדעלקערן בטבעת זהב גדולה מעולפת באבנים יקרות לאות רצון ויקר. לפי הנשמע יכינו נכבדי העיר ומשכיליה משתה לזכרון היום הנכבד הזה. ויהי רצון מלפני אבינו שבשמים שתחולנה על ראש הקיסר כל הברכות שיצאו מאלפי פיות אחב״י בגלל חסדו ואמתו עם ניני אברהם, עם אלהי יעקב. ב. גרינשטיין. הוראדנא. ביום ב׳ י״ט אלול היתה בת״ת דעירנו מסה ובחינה לבני הנעורים אשר על מעיני התורה והמדעים ישלחו קציריהם, ראשי עדתנו הגבירים ותופשי תורה התענגו לשמוע דברי חן אשר הוציאו הבנים האלה, לא לבד בתלמוד רבה ידיעתם, גם בשפת רוסיא ושפת עבר התנוססה רוחם. המה יהי׳ לתפארה ולשעשועים, כי התורה אזור מתנם וההשכל ד אזור חלצם, ובכחם — כח הנעורים ילכו ולא יועפו ואתקותם תהו לברכה; כי תראה הממשלה ותכיר פעולת הגבירים כי הקימו בית אשר ממנה תצא דעה לנערי בני ישראל; לא נספוק אף רגע כי הגבירים המנהלים לא יסורו מן הדרך אשר סללו עד כה, כי לכלם קדים על דלתי המדעים. רעה אחת להקריב חפצם עבור הבנים הש הגבירים האלו יתנו אותותם אותות כי יבינו בדבר הגדול הזה, ולא הפקידו אושר העלובים בידי מלמדים לא מלומדים, המה ירגישו רגש קדש כי עברו ימי האפלה, ורק מורים מועילים נפקדו להיות למורי דרך, לפנות מסלה לבני הת״ת, היודעים דרך החנוך לבל יתנגפו רגלי הבנים האלה על אבני נגף וצורי מכשול, ככה מובילים הגבירים תחת השגחתם את הבנים הנדחים האלה לרוח הזמן אשר יעבור עלימו, והצליחו לעשות כיד ד׳ הטובה עליהם. המלמדים לילדי עירנו רבים המה כבכל הערים הגדלות, אך שונים המה בדברים רבים המה יעלו ארוכה למו ממשובתם בדברים נעימים ותקוות טובות, ינהלום על מי מנוחור המדעים בשובה ובנחת, לא ישקטו ולא ירגעו עדי הקימם מזת לבם, מוליכים אותם אל נחלי מי התבונה בדרך ישר לא ישלו בה, ושמרום כרועה עדרו. מהמלמדים המשכילים ראוי להלה את האברך המשכיל וכו׳ מו""ה מנחם מענדל קאפלאן, ווא מלמד הצעירים דעה ותבונה בשובה ובנחת, והבנים שומעי לחו ישבעו נחת ממורם כי מורה הוא להועיל למו. Слеонъ Кабачининъ. לובלין 16 טען סעפטעמבער 75 זה לא כיר קראתי בהצפירה, ממקרים אחדים אשר קרה לזה אנשים שישנו זמן רב, ע״כ אחשוב לנכון לספר ממקרהכזה אשר               קרה מחדש בעירנו פה. איש אחד מתושבי עירנו (על המגרש המכונה קאלינאוו- שציזנא) שמו חיים בעד בעטמאן, בן כ״ג שנים, אבותיו השיאוהו אשה בנעוריו. איזה זמן אכל ארוחה על שלחן חותנו, והיה מחובשי ביהמ״ד וידיו לא עשו עבודה. פתאום חלה מחלת הכבד וישב לובלינה אל אבותיו, ובעצת הרופאים הלך לקארלסבאר, ובשובו אח״כ הביתה שב מעט לאיתנו אחר חצי שנה חלתה אמו, ולא היה לאל ידה לשום עין על בנה. נוסף על זה, הציקוהו מאד דאגות משפחה ודאגות פרנסה, ותתקפהו פעם אחת שינה ארוכה וישן שמונה ימים רצופים, ובהקיצו, מחשבות חושך וצלמות מלאו את ראשו, ויחשוב את עצמו למת אחרי איזה ימים, עוד הפעם תקפתהו שינה ומני אז והלאה, היתה שינתו ארוכה אך למקוטעין, פעם יותר פעם פחות, אולם לכל היותר היתה שינתו בימים האלה, כי ישן חמשה שבועות רצופים; הרופאים נסו להעירו משנתו, ועמלו ויגעו, ולא עלתה בידם, דקרו את בשרו במחטין, ולא הועילה — היינו מן 10 טען אויגוסט עד יום אתמול הוא דען 15 טען סעפטממבר, ויקץ משנתו, וידבר איזה דברים, ואחרי זמן קצר גוע וימת. — בטח יודיעו זאת הרופאים אשר בקרוהו - במכתבי-עת, וידברו אודות זה כיד חכמת הרפואה הטובה עליהם. גם את האיש הזה נוכל למנות במספר העולות אשר יקריבו האבות במדינתנו את בניהם על מזבח הפאנאטיזמוס, כי אינם מלמדים אותם מלאכה, ע״כ מוכרחים הם להשיאם אשה בנעוריהם, למען פרוק את עולם מעל צואריהם, ויגדלו וילכו באשר יתהלכו, ותרבינה עליהם צרות, ותבאנה עליהם מחלות אכזריות, עד כי בדמי ימיהם ירדו שאולה. האבות יאכלו בוסר ושני בנים תקהינה. .  אויר הירש ניימאנאוויץ."
021-HZF-1875-09-28-001-20281_toc_7,"Ja
אשכנז"," Ja אשכנז ברלין בחדש אלול תרל״ה. הימים הנוראים ממשמשים לבוא ועקבותם כבר נודעו על השוקים והרחובות, הן אמנם הבדל גדול מאד בין חדש אלול בברלין ובין הימים האלה באחת מערי רוסיה, כי אחינו האשכנזים לא ישנו דרכם במאד בכל ימי אלול, ואם גם יתקע שופר בעיר אבל העם לא יחדרו לקול תרועותיו, והנם שוקטים על שמריהם כבכל ימות השנה; היהודים היושבים פה לא ירוצו אל בית מועד לכל חי לדרוש בעד החיים אל המתים, ולא ישכימו קום להתפלל לה׳ כי יאיר לפניו אליהם בימי הדין הקרובים לבוא, כי אם לכו איש איש לדרכו, למשא ולמתנו. בנשף בערב יום אין איש שם על לב לשמוע דברי מוסר מפי אחד המגידים, כי אם רצים המה לגנות ולפרדסים לטייל בהם, הם ונשיהם ובניהם ובנותיהם, שנים שנים ילכו, וצעירי העם יצאו במחול משחקים, והיה תוף וחליל ויין משתיהם. אולם בכל זאת לא שכחו אחינו, גם פה את ימי הדין מכל וכל; ואם לא נשמע פה קול שופר הולך וחזק כל היום בבתי התפלה והמדרש, וקול החזנים החוזרים על נגינותיהם, למען תהיינה שגורות על פיהם בימים הנוראים אבל תחת זה נראה כמעט על כל מדרך כף רגל הודעוו דבוקות אל העמודים המיוחדים לזה, ותיבות ר״ה ויו״כ מתנוססות באותיות גדולות, על ההודעות ההן הכתובות בשפת אשכנז. וגם ברחובות היותר מהודרות נראה לפעמים לוח קטן עומד בחלון איזה בית מסחר מפואר, ומכריז, כי כל החפץ במקום תפלה לימים הנוראים ימצא בזה את אשר הוא מבקש, בעד שכר קצוב וידוע, כי לא כאחינו באיזה ארצות אחרות העברים האשכנזים: המה לא יבושו להראות לשכניהם הנוצרים, כי לא פנו ערף לדתם, ופעמים רבות תראינה עינינו במכה״ע האשכנזים היו״ל בברלין הודעות על דבר בשר כשר, יין כשר מצות כשרות וכאלה אבל אם הימים האלה יעשו כל היהודים אגודה אחת לעשות רצון קונם שלש פעמים בשנה, בשני ימי ר״ה וביום הכפורים, הנה בימים ההם בעצמם יתפרד העם לכמה מפלגות, ואיש איש מהם ילך אחרי מוריו ומאשריו. בלי תפונה יודעים הקוראים הנכבדים כי אחינו ב״י היושבים בעיר הזאת, מתחלקים לכתות ומחלקות רבות, ומספר רבניהם ודאקטוריהם, מספר מחלקותיהם ובתי תפלותיהם. אלה פונים אל הדר׳ פלוני המחדש וסיעתו, ואלה נוהים אחרי דר׳ אחד המפרסם את עצמו למחזיק בנושנות. וגם המחדשים והנושנים בעצמם מתפרדים לכמה ראשים. אכן בכל ימות השנה הנה שקט ושלוה במכונם ולא נכר מחדש לפני מתקדש, כי כאלה כן אלה פונים לבצעם מקציהם, כאלה כן אלה נוהגים בעצמם ומחנכים את בניהם על דרך אחד, ולפעמים הם נפגשים אלה באלה ביום השבת על הבירזע, וכל ההבדל שבין כת לכת הוא רק כהבדל בין חסידי ליובאוויץ לבין חסידי לעהעוויטש ולא יותר, כי אלה מעריצים את פלוני הדר׳ המחדש ומתקן, ואלה מקדישים את השני העושה סיג ועומד בפרץ, מבלי דעת שניהם במה נפלגו רבניהם, ומדוע זה מקובל עליהם יותר מזה; על כן לא נוכל להבדיל ביניהם בכל השנה, כי אם בימים הנוראים לבד אשר יבא איש איש להתפלל בבית התפלה העומד תחת פקודת רבו ומאשרו. ובאמת רבו פה בתי התפלה מאד בימים הנוראים, וכאשר לא יוכלו הבתים הקבועים לשאת את כל העם הבא להתפלל. הנה ישכרו להם בתי תפלה חדשים ויתפללו בהם דרך ארעי. אמנם באופן הזה יביטו השוכרים רק אל גודל הבית ותמונתו, ולא ישימו לב לזה, מה נעשה בבית ההוא בכל ימי השנה, עד כי לפעמים יפול החבל על בתי שחוק והוללות, בתי משתה וקלות ראש, כי ישכירום אדוניהם לב״י להתפלל בהם בשלשת ימי הדין; וביו״כ עצמו יתפלל שם ישראל לאלהיו ובכה העם והתחנן לפני שופט רמים, וקרא בקולו קול עז: הסר שטן מלפנינו ומאחרינו! אחי בני רוסיה ופולין, אם תשמעו מעתה את אחיכם בני אשכנז מתרעמים עליכם כי בתי תפלותיכם אינם נקיים ומהודרים כראוי, ואת שם החרפה: „יהודי פולני"" ישאו על שפתם, לאמר: אנחנו עלינו במעלות ההשכלה ואחינו ברוסיה עודם עומדים בשפל המדרגה. אז אל תרהו ואל ירך לבבכם מפני האדונים האלה הלבושים מחלצות, כי אם מהרו וענו להם: טלו קורה מבין עיניכם! אנחנו עובדים את ה׳ בבית קטן אשר קירותיו נטו לנפול, ואתם תשמעו אל הרנה ואל התפלה בבית רם ונשא, אשר אתמול שחקו שמה בקוביא. אולם אנחנו נעשה מריש וחסר כל ואתם מרוב טובה. זה לא כביר קרה מקרה זר על בית הקברות אשר לעדת היהודים בעיר הזאת, ואנשים אחדים נוצרים העושים שמה במלאכה הרהיבו בנפשם למלא שחוק פיהם, כאשר הביא איש „אחד את ילדו לקברו בקבורת ישראל, וממחרת היום שבו האנשים ההם להבזות ולצער קרובי מת אחר, אשר הביאוהו על בית מועד לכל חו; אך בפעם הזאת התמרמרו קרובי המת נגדם ויסגירום בידי השופטים, ובלי ספק ישאו את עונם. בן-זומא"
021-HZF-1875-09-28-001-20281_toc_8,משיב דבר״)," משיב דבר״) כמו ישראל בעמים מלפנים, ככה גם המלמדים אצל המשכילים מדור החדש היה יהיה תמיד למשל ולשנינה, בכל עת אשר ימצאו המשכילים האלה איזה סבה לדבר אודות המלמדים. אזי ידברו על אודותם דברי בוז ומהתלות, דברי שטנה ואון ככל העולה על רוחם, כאלו המלמדים המה באמת פלטי מין האנושי כאלו המה המחלקה היותר גרוע והיותר שפלה בחברת בני האדם אשר ע״כ אמרנו לתת את הדבר הגדול הזה, אשר יסוד כל החנוך לבני ישראל נשען עליו מדור דור, לפני כס הבקורת הנקיה ממשוא פנים, למען תתברר ותתלבן היטב מה עול מצאו בהמלמדים אלה המטילים בהם דופי, וגם לראות ולהתבונן את מי יציעו לנו תמורתם ובמקומם. בין המאמרים המרבים להג ולעג על שטת המלמדות הנהוגה אצל אחינו, ראינו לשום לב ביחוד למאמר אחד הנקוב בשם „דבר בעתו"", אשר בא בשלשה גליונות „מהצפירה"" נומער 30, 31, 32 שנה זו מאת המשכיל יהל״ל, אשר בלי גבול חלל ווחרף את מערכות המלמדים, אשר לא להועיל המה לפי דבריו מימות העולם, ומה גם עתה אחרי צאת לאור החקים החדשים בהיוב עבודת הצבא, אשר על פיהם תתן זכות ומשפט על קצור שנות העבודה בחיל המלך, רק לאלה אשר שמשו כל צרכם בבתי ספר הכוללים, א״כ עוד יותר אין צורך בהמלמדים ולמודיהם, אשר לא יועילו ולא יצילו כי תהו המה בעיניו. ובכן הוא מרבה להתפלא מאד על סכלותם ועקשותם של האבות, אשר גם עתה ישרכו דרכם לאחוז במנהג החנוך הקודם, ועל עזותם של המלמדים, אשר ימלאום לבותם לחיות ולהתקיים בארץ, גם אחרי כלות בשנה הזאת זכותם על הלמוד עם ילדי העברים, עפ״י פקודת הממשלה! כידוע ומפורסם. זה הוא תמצית דברי ה׳ יהל״ל ואידך פירושא. אבל יענה נא ה׳ יהל״ל, אם המלמדים לבלי תועלת המה מעולם. א״כ אפוא מאין יצאו בכל דור ודור גדולי ישראל אנשי שם, הענקים אשר העניקו חמה בגבורתם במלחמתה של תורה? מאין זרח אור לישרים האלה, אשר האירו פני תבל בחכמת תורתם, אם לא מחדרי אופל של המלמדים, אשר עליהם המתחכמים החדשים ילעיגו ויפטירו בשפה כל היום? מי פעל ועשה זאת כי כל אנשי המוננו בגדוליהם ובקטניהם יודעים אם מעט ואם הרבה את התורה, מבינים לכתוב ולקרות בספר איש איש לפי ערכו? מה שלא נראה בשום אומה ולשון — יד מי עשתה זאת? אם לא יד המלמדים אשר שמם מגואל כל היום? האומנם בדור יבוא ובאהלי בתי ספר הכוללים לבדם מקוה ישראל להגדיל תורה ולהאדירה ביתר שאת? אך מי זה איננו יודע כי מעת אשר רבו בתוך עמנו השוקדים על דלתות הגימנאזיאנען רבתה עניות של תורה בישראל, כי אמנם עברו נא בהערים הגדולות, שוטטו קשו וראו אם תמצאו מי מהגימנאזיסטען העברים ידע  בחוצותיהן ובל איזה סעיפים מפקודי דת ישראל? אם תמצאו בהם גם אחד אשר שפת עבר יבין וישמע ואהבתו תהי תקועה בלבו? אשר אמנם ואת היא באמת חרפתנו הגדולה ובשתנו נגד העמים אשר בקרבם הננו יושבים. כי בעת, אשר בין תלמידי הנוצרים תלך השכלתם שלובת יד ואחוזת זרוע עם למודי הדת והאמונה; הנה *) לאשר שאלת החנוך והחדרים עומדת על הפרק בימים אלו, וסופרים רבים באים בשער לחוות דעתם ולהגיד מחשבותיהם בענין הנכבד הזה, ע״כ מצאנו לנכון לתת מקום לאיזו מכתבים כאלו בהצפירה, למען יחבררו ויתלבנו הדברים ההם בדעת הקהל.  המו״ל ואיל . . אצל צעירי העברים המבקשים חכמה בבתי הספר הכוללים, עזובה ונטושה מכל וכל וכל נחלת למודי דתם. בסנסני הלמודים החיצונים יאחזו וישגו בהם תמיד, ואת תורת דת ישראל יגיחו בקרן זוית, אין דורש ואין מבקש! ועתה למה תהי כזאת בישראל? מדוע לא יחושו לזה האבות ויקלו דעתם בענף הלמוד העיקרי הזה, אשר יסוד אושר והצלחת בניהם תלוי בו כל ימי חייהם? הנה בדבר ה׳ מאסו בניהם וחכמת מה להם, הביטו נא וראו כמה מתאמצת ממשלתנו הכבודה לטעת ולחזק את הדת והאמונה בלבות התלמידים השוקדים על בתי ספריה. כל פקודי המיניסטעריום להשכלת העם מלאים מזה, ובין ראשי חובות הגימנאזיסט הנוצרי הוא — לבל את בתי התפלה בכל יום ראשון לשבוע, למען תכה אמונתם שורש בלבבם ולא תנוד לפני רוח ההשכלה, אשר פעמים רבות בסופה וסערה דרכה, ומי מקוראי כה״ע לא יזכור עוד את הרעסקריפט המפואר, אשר שלח אדוננו הקיר״ה בשנה העברה על שם שר המאיר לעמי ארץ רוסיא, אשר בו החזיק טובה מלכנו האדיר להשר הזה על דבר התאמצותו לטובת חזוק הדת בתוך בני הנעורים השוקדים על בתי הספר, ויעורר גם את אפרתי ארצנו לקחת חלק גם הם בדבר הגדול הזה. ראו עמים רבים גם בארצות אחרות את דברי מלכנו הצדיקים וימלאו פיהם תהלתו! כאשר כל זה גלוי לכל, כי כבר נמנו וגמרו, אשר תבונה באין אמונה, מולידה ספק ותפונה, והשכלה רמה, בלי ידיעת הדת היא כגוף בלי נשמה. ע״כ תשים הממשלה הגבוהה בעת הזאת את כל מעיניה על הענין הנכבד והמרומם הזה. ורק אבות ילדי ישראל בארצנו, המה לבדם נרפים בזה ולא יתעשתו להשריש את למודי דת העברים בלב בניהם בעודם בנוער, למען גם כי יזקינו לא תסור מהם, כ״א תומ״י בדרוך רגלם על מפתן בתי הספר למדעי העולם, אזי גמולים מחלב התורה המה בניהם, ועתיקים משדי מוסריה הנעימים עד עולם! ומה עושים משכילי עמנו החכמים בעיניהם משבעה משיבי טעם? המה רוצים לכבות גם את נחלת התורה העוממת עדנה תחת שפך חדשן באהלי המלמדים. ע״כ יקראו בגרון: ערו ערו עד היסוד את תורת המלמדות! פקדו את הארורה הזאת וקברוה! כי הגדילה לעשות בארץ. האין זאת בית ישראל?   (המשך יבוא)"
021-HZF-1875-09-28-001-20281_toc_9,עת לכל חפץ.," עת לכל חפץ. ועת ומשפט ידע לב חכם.  (קהלת .8 .5) הזמן המחיה ומהוה את כל הנותן חיים ועבודה לכל הנבראים, לא שחת רחמיו גם מסופרי ישראל, ויתן להם ענין לענות בו בעת הזאת: — השתנות המלמדים. סופרים רבים אשר כחם בעטם והדואגים טובת אחיהם באמת ובתם לבב, יצאו ערו לדבר ב תבי העתים לבני ישראל, לעורר את אחינו לבל יתרשלו למלא פקודת המלך יר״ה בדבר הזה, וכי ישתדלו לקדם פני הרעה טרם, ישארו הבנים באין מורים ומלמדים, ואז הלא תשתכה חלילה התורה מישראל. — פרשת המלמדים כפרשת קרח נדרשת לכמה פנים: זה בא ודורשה כמין חומר וגזרה על אחב״י, ואלה ישמחו על הדבר הזה, כי באה פקודת כל האדם על המלמדים, לבל יוסיפו עוד לזרוע ולגדל זמורות זר בכרם בית ישראל. סופרים רבים יגילו וישמחו מאד על הגאולה ועל התמורה, ויוציאו את שמש ההשכלה מנרתיקה, בבא הקץ להמלמדים, ויעוררו את בני ישראל ליסד בתי ספר לצעירי עמנו, כי יתגדלו שם על ברכי התורה והחכמה, ודברי הסופרים הרבים לא ישא רוח, בלתי כי לעתים קרובות מאד יעשו את חפץ הסופרים ויצליחו את אשר שלחום; ובכן קוראים אנחנו במכ״ע לבני ישראל, כי בערים רבות אשר בני ישראל נחתים שם, נוסדו בתי ספר, והסופרים המודיעים זאת לא יתעצלו מלהודיע גם את תוכן הלמודים, למען יראו יתר הערים מהם וכן יעשו. — מטרת הפקודה בדבר השתנות המלמדים מובנת לכל; לסקל מסלות החנוך בבני ישראל מאבני הנגף וצורי המכשול, אשר נצברו בהן חמרים חמרים; לנחם את דרכי החנוך אשר הנה אבלות, ולגדל את בני ישראל כי יהיו כל הימים עבדים נאמנים למלכם, ומוכשרים לקבל את הטוב אשר ייטיב להם באחרית הימים. והמשכילים הנאמנים גם המה מצדם, אשר המה תמיד למליצים בין האמונה ובין ההשכלה, בין העם ובין הממשלה, יעשו ככל אשר תמצא ידם להוציא המחשבה הנעלה הזאת לפעלת אדם, בידעם היטב כי לא בחיל ולא בכח יגבר עם בארץ, בלתי אם בחכמה ובדעת, בשנותו לטוב את חייו המוסרי ובצעדו בצעדי ענק לפנים. אז, אך אז יסתמו פיות משטיניו ומקטריגיו עליו, בראותם כי כבוד ה׳ עליו זרח. אולם אם יש את לבב המשכילים הנאמנים לעשות סדרים ותקונים בסגנון החנוך, בזה אשר יבטלו את החדרים ועל מעי מפלתם יבנו בתי ספר, אז עליהם להשיג שני דברים למען הגיע אל מטרתם: רשיון הממשלה ליסד את בית- הספר, והסכמת העם על הבית הזה למען יבואו בשעריו וכמו לא יצלחו בתי הספר הנוסדים שלא ברשיון הממשלה, הלא המה החדרים, כן לא יעשה פרי בית הספר אשר לא ימצא חן בעיני העם; כי אחרי אשר את בניהם הם שולחים אל בתי הספר, — הלא להם הצדקה במה לבחור ובמה למאס, מה לקרב ומה לרחק. אבל לדאבון לבבנו רוב המשכילים אשר נדבה רוחם אותם ליסד בתי ספר, שכחו מכל וכל כי הם בונים בתים על מקום החדרים, אשר אדמת קודש הוא, ומן הבתים האלה דרושה התורה לצאת בדור הבא. אין עיניהם ולבם כי ימצא בית-ספרם חן בעיני העם, וכי יתנו בו אמון, בלתי אם אך עשתה בידם להשיג רשיון ליסד בית ספר, אז לא ישימו עוד לב אל חפץ העם, אשר באמת הוא יהיה תמיד לרוח החיה באופני הבתים האלה, ואם ימאס העם בבית ספר אחד, אז לא יוכל להתקיים אפילו שעה אחת. - את אמתת המשפט הזה יוכל לראות כמעט כל איש אשר יש בית ספר בעירו, אם אך מיסדו הציב לו למטרה ללמוד בו, או יותר טוב לאמר: לצאת בו ידי חובת לימוד, חקי הדת ומשפטיה. המיסדים יכוננו בתי-ספר ע״פ רוח וטעם דור הישן, אשר אז היו בתי ישיבות, תלמודי תורה וחדרים רבים מאד בכל עבר, ופנה, וכל הצמא לדבר ה׳ פנה אליהם; ואך אם נדע רוח איש אחד ללמד את בנו לשון וספר נוסף על תורתו או רק זה לבד יהיה ביד בית ספר כזה למלא את חפצו. לא כן עתה! — עתה, אחרי אשר לא יהיו לנו עוד לא מלמדים ולא חדרים, לא ישיבות ולא ת״ת, — הלא על בתי הספר האלה למלא את מקומם גם בלמודי הדת, ובאמת לא כן יעשו המיסדים. ולמען הראות כי הבתים האלה אשר יסדו המשכילים בערים אחדות לא יעצרו כח למלא משאלות לבנו בעת הזאת, נביא ראיה מבית ספר אחד הנוסד זה לא כביר על משואות החדרים. — בהצפירה N. 34 באו שני מאמרים הבאים כאחד אודות ענין המלמדים: אחד מגראדנא והשני מביאליסטאק. הראשון יספר את צדקת ראש מחוזם אשר לפי השמועה ענה תשובה נכונה בדבר המלמדים, כי יותן הענין הזה בידי נכבדים מבני ישראל, והמה ישגיחו על המלמדים כי יורום בטוב טעם ודעת את למודי הדת, וגם לבד זה ישמעו הנערים בלמודים מפי מורה אחר אמן במלאכתו, ולבתים כאלו יהיה תוקף וזכות בתי- ספר לעם (פאלקס-שולען). — והשני בא ובשורה בפיו, כי נוסד בביאליסטאק בית-ספר לילדי ישראל על מקום החדרים. ובין הדברים המועילים אשר ילמדו שם, יחשוב הסופר את הדברים האלה הנוגעים אל דת קדשנו: א) שפת עבר ודקדוקה, ב׳) כתבי הקודש ודברי ימי ישראל. - הסופר הזה יחלה את פני המו״ל הנכבד לתת מקום לדבריו בהצפירה למען יראו אחינו בערים אחרות ויעשו כמעשה ה׳ רויזיק, מיסד בית הספר בביאליסטאק. והנה אנחנו טרם נדע, אם טובה עצת האדון הגובער- נער מגראדנא, ואם תטה הממשלה את אזנה לדבריו, נחשוב שחובה עלינו להראות להסופר מביאליסטאק, כי שגה במשפטו אודות הבית הזה, ולשוא שמח עליו שמחה אין קץ, כאשר נראה בזה: מכותלי הפראגראמס הננו רואים, כי ה׳ רויזיק יסד את בית ספרו, לא לבד למען הורות לנערים לשון וספר, בלתי אם גם למודי דתנו, למען יהיה בית ספרו במקום החדרים, ובו ילמדו הנערים גם את למודי הדת. — ועתה נשאלה את פי הסופר: „איה אפוא המה למודי הדת, אשר יאמר כי ילמדו בבית הזה?"" האם שפת עבר ודקדוקה, או דברי ימי עמנו המה למודי הדת? האם עליהם יחיה היהודי באשר הוא יהודי נאמן לדתו ואמונתו? ותורה מה תהא עליה? ונפש האמונה האם חרד חלילה לשחת? — — הבט נא, החכם גארדאן, וראה כי דבריך אשר דברת באהבת עמך (השחר שנה זו חוברת טבת) המה נצבים וקיימים; כי רוב המשכילים לא יבינו אל פעולותיהם, וידמו כי בצאתם ידי חובת ההשכלה, יצאו כבר גם ידי חובת אהבת עמם, אשר כל אשרם תלוי בזה לבד אם אך יעלה בידיו להשכילם על דרך האמונה! לא, כדבר הזה היה לא תהיה! קצור קצרה יד בית ספר עם פראגראמס כזה למלא משאלות לבב האבות בעת הזאת אשר אנו חיים בה. לא זו הדרך ולא זה בית-הספר אשר וכלו ההורים לצאת בו ידי חובת למוד הדת. הן אמנם כי החובה והמצוה על כל איש מישראל לדעת היטב את שפתו ודקדוקה, דברי ימי עמו וכל הקורות אשר עברו עליו מאז היותו לגוי, ואין כל ספק כי למודים כאלה המה כאבני נזר בכל בית ספר לילדי ישראל, — אבל אבן הפנה לבית ספר דרוש להיות למוד הדת! ומה המה למודי הדת לישראל אם לא החקים והדינים אשר בספר השו""ע וספרי התלמוד? התלמוד שארית מחמדינו ההיו לנו בימי קדם. החפץ היקר הזה תשליכו אחרי גיוכם ותזרוחו הלאה מעבר לגבול הפראגראמס, כדבר אשר אין חפץ בו. מה נואלו מיסדי בתי-הספר שעו עיניהם מראות נכוחה, ולבותם — מהשכיל, כי כל עוד אשר לא יהיה בבית הספר למודי הדת הנחוצים לכל יהודי שומר דתו ואמונתו לראש פנה, לא ירבו הבאים בשערי בית ספר כזה ולא יאריך ימים על האדמה! (המשך יבוא)"
021-HZF-1875-09-28-001-20281_toc_10,"מהרה
ידיעות העולם והטבע"," מהרה ידיעות העולם והטבע על כח האברים בבעלי החיים. הכח הוא ענין מושג אצלנו אשר לא יתכן לתת לו גדר קצוב ומוגבל, זולתי ע״י גודל הפעולה אשר יוציא, ובאין פעולה אין מציאות לשום כח בעולם, כי הגבור לא יוכל להוציא את גבורתו אם אין לו על מה להתגבר ולכן כל עוד אשר אין כה מתנגד לו לנצח עליו, גם כחו אינו במציאות, ולא נוכל לומר עליו רק שהוא בעל כח בסגולת גופו, והנה מקור כח החי באבריו הוא בא ע״י עורקי הבשר (מוסקעלן), אשר החי יוכל לכווצם בחוזק עד שיגבירו על כח מתנגד להם. ולכן כאשר יהיה רצוננו להעריך ערך גודל הכחות בין בעלי חיים שונים, נצטרך להעריכם על שני פנים, או לפי עוצם הפעולה אשר יוכלו להוציא בכחם בכלל, ונאמר ד״מ. כי כח הפיל הוא גדול הרבה יותר מכח האדם והסוס, או נעריכם לפי עוצם עורקיהם לבד, והוא הערך הטבעי שביניהם, כי אם בעל חי אחד אשר אבריו דקים ועורקיו מעטים, יוציא איזה פעולה ידועה, וזולתו הוא בעל אברים גדולים ועורקים רבים, ומוציא פעולה גדולה ממנו, אין לשפוט מזה על הכח הטבעי שביניהם היות האחרון בעל כח יותר חזק מן הראשון, כי באמת יתכן גם להפך, שכח הראשון גדול הרבה יותר מן האחרון בסגולת עורקיו, באשר הוא יכול להוציא בעורקים מעטים, יותר ממה שהאחרון היה יכול להוציא על ידיהם. וגם על חוזק הפעולה בעצמה אשר יוציאו שני בעלי חיים, יש ערך ידוע אשר נצטרך להביאו בחשבון, והוא כמות הפעולה בערך הזמן והמרחק, כי אם ד״מ. בעל חי אחד מגיע בכהו משא ידועה בזמן סעקונדע אחת מרחק ג׳ רגל, והשני יגיע רק חצי משא כזאת, אבל מרחק י""ב רגל בזמן סעקונדע אחת, אז יהיה כח השני גדול כפלים מן כח הראשון, וזה מבואר, ובכדי למדוד ולדעת רך פעולות הכחות בכלל, נמצא אצל בעלי הטבע כלי ידוע הנקרא בשם „מודד הכחות (דינאמאמעטר). והוא מורכב מן פסי ברזל נוציים הכפופים ומחוברים זל״ז, ובכדי למתחם ולהחזיקם רחוק זה מזה נגד כח הנוציי שבהם, נצטרך לכח ידוע אשר יגדל יותר כל אשר יתגדל המרחק ביניהם, אפס כי ע״י בלי בזה לא נוכל להגביל ולדעת רק כח העצמי של בע״ח, אבל לא כח הטבעי אשר לו בסגולת עורקיו. ובכדי להעריך כח עורקי האברים בבעלי חיים שונים מצאו החוקרים, כי הערך הנכון לזה הוא כמות המשא אשר ישא הבע""ח, ערד לגול  ימשקלו, כל אשר יג כובד המשא אשר יגיע בכחו על כובד משקל גופו, כן יגדל גם כח עורקיו הפנימים. ולפי ערך הזה מצאו כי כח העורקים בבעלי חיים קטנים, הוא גדול הרבה יותר מכפי שהוא אצל בע״ח הגדולים, וביותר יגדל כח העורקים אצל בעלי הכנפים המשוטטים באויר, אשר בהם יתוסף עוד מהירות הכח ההוא, העוף הגדול קאנדאר יוכל להתרומם ולעופף מרחק פרסא אחת בזמן איזו מינוטען! העורב יוכל לשוטט באויר זמן ט״ו שעות רצופות מבלי לנוח. והנה כח העפיפה באויר הוא רק מהירת תנועת העורקים באברי הכנפים, ע״כ נוכל לשפוט מזה עד כמה גדול כח העורקים בעופות ההם בערך עורקי שאר בע״ח, וכבר מצאו בחשבון כי הנשר מוציא בכח תעופתו כשיעור הכח של 26 סוסים! ר״ל מה שכ״ו סוסים יוכלו להניע משא גדולה בזמן ידוע מרחק ידוע, הוא מגיע את כובד גופו במהירות הזמן וגודל המרחק השוה בד בבד עם כח הסוסים ההם, — החוקר פלאטויא המציא תחבולה נכונה מאד לטדוד מדת הכת אצל הרמשים ממינים שונים, ומצא כי יש א מהם אשר כחם יגדל למאד עד כדי 40 פעמים מכח האדם, ובכלל נוכח לדעת כי אצל בעה״ח הקטנים, כל אשר יקטן גופם יותר יחזק כח העורקים אצלם יותר, — הפרעוש ידלג ויקפוץ קפיצות גבוהות מאד בערך גודל גופו, והכח הנחו לזה בעורקי אבריו הוא גדול ונפלא למאד. — הרמש הנקרא  יוכל לשאת בפיו שבט ארוך ממדת 1 רגל  אשר משקל כבדו הוא עד 400 גראָם, והוא בעצמו כובד גופו איננו רק 2 גראם! אנחנו נתפלא למאד על גבורת אנשים בשניהם, אשר יש מהם כי בשניו יאחז קצה שלחן ארוך וירימהו מעל הארץ, וגבורת איש כזה אך כאפס ואין נחשב בערן הכח אשר יוציא הרמש הנ״ל באחזו בשניו שבט ארוך כזה. הכח והעוז אשר לנמלים הקטנים הנודעים בשם „טערמיטען״ הוא נפלא למאד, כי יחריבו ערים וכפרים נושבים מבני אדם, ע""י מחתרותיהם אשר יחפרו ויחתרו מתחתם. הערים וואלענציא, נאייגראנאדע ודומיהם כולם חלולים מתחתם באדמה ע""י מהמורות גדולים אשר חפרו הנמלים ההם. הנמלים הנמצאים ממין הזה בארץ אפריקא, יגורו במשכנות הבנוים מחומר וטיט וגבוהים עד חמש אמות, והם קשים וחזקים בבנינם עד שגם שוו חבר הקופץ ומדלג עליהם לא יהרסם וישברם, — קבוץ הכחות אשר הצטרכו הגמלים ההם לבנין כזה בערך עורקיהם, עולה עד כדי אלף פעמים ככמות כל הכחות אשר הוציאו בני האדם לבנין הפיראמידען הגדולים אשר בנו בימי קדם בארץ מצרים! הבחינות האלו אצל בע״ח העירה את לבב החוקרים לדרוש. ולחקור על ענין אחר יותר נכבד בערכו, וזה הוא אשר רצוננו לבאר הנה. (סוף יבוא)   ב  אנשי"
021-HZF-1875-09-28-001-20281_toc_11," 
תלאות החכמים."," ושלשת הרעים ההיו אתו, ויסעו למסעם. אך המסע ההוא הפך עד מהרה למעמסה לשלשת רעיו, לחרף נפשם בין גלי שלג ונקיקי סלעים אשר יפגשום בלהות והשליכו חתיתם עליהם ואשר לא אחת צפוי היה גם דע-אויטעראָבע אלי מות, בהבקע תחתם הקרח, ויהיו אנשיו כמתאוננים רע באזניו: מתחלה בקשוהו. ואחר החרו החזיקו בו לנוח ליום אחד להשיב נפשם כמעט, אך התוכן לא פנה אל בקשתם ואל תלונתם ויצו לנסוע הלאה. ויהי היום, ודע אויטעראכע אשר לא ידע שלו בכל ימי המסע, נלאה מאד וירדם, ושלשת האנשים אשר קצרה נפשם בדרך מצאו ידים להם לשפוך עליו חמת אפם אשר להטה נפשם; את הסוסים אשר בעגלות לקחו אתם וימלטו, ואותו עזבו על פני השדה בישימון דרך ונתיבות צלמות. נפשו יצאה בהקיצו וירא את אסונו הנכון לו, ולבו התפוצץ לרסיסים ממחתת מות ואש נקמות אשר חליפות לקחו מקומם; רגע עלה על העגלה, ומשנהו ירד, נשא רגליו לבקש צעדיהם, הלך הלוך הנה והלום, ואגלי זעה כסה פניו, נטף אחר נטף, בכל תוקף הקור אשר התנשא בלילה ההוא, ואחרי עמל רב צלחה לו למצוא נתיבה צרה, שב אל עגלתו, לקח את קנה-הרובה וילך; אך כמעט נסה רגלו ללכת צעדים אחדים, ועד צוארו הנהו בבור שלג מבלי יכלת למוש. עוד מצא לו די אונים להציל נפשו, אך מדי צאתו מן הבור נפל על פניו ארצה, וכחו עזבהו מבלי מצוא און לו לקום, כמו המות עומד ומחכה לו. אחרי רגעי מספר כשוב אליו רוחו, חגר שארית כחו, התנשא שנית, לטש עיניו עמד ויתבונן, ולשמחת לבו ראה מרחוק אור נר מציץ מן החרכים; לאור זה קם וילך לאט לשמור רגלו מלכד, ועינו צופיה אל האור הנשקף לו, והנה הוא בא עד בית-אכר ושם אנשיו סרוחים על התנור ושנת- מות עליהם, מבלי דבר דבר הקיצם וישובו למסעם  קרבו ויאתיו עד טאבאלסק, אך עוד להם לעבור שלשה נהרות רחבי ידים, והקרח המכסה עליהם הלוך ונמוס למחתה לכל עובר, ובכן כהו בו האכרים הגרים במסבי הנהרות לבל יחרף נפשו ואין אחד מהם ומאנשי חברתו ההלכו אתו נעתו לו לעבור אתו; לשוא העתיר עליהם דברו! לשוא נשא קולו קול נגיד ומצוה! כי לא שמעו אף לא שעו להבטחתו לגמול להם כפעלם במשאת כסף. רק התחבולה האחת עמדה לו: כי השקם יין וישכירם, אז צלחו שני נהרות בשלום, אך בשלישי רפו ידיהם וישובו ויקשו ערפם לבלתי שמוע אליו, וגם פקיד-הרצים (פאסטאמט) אמר לבלתי נתון לו סוסים לרתום, כמעט אפסה לו כל תקוה לעבור את הנהר השלישי ולבוא אל מקומו בעוד מועד להכין את הכל, לולא שעמדה לו עוד תחבולה אחרת לקחת לב האנשים ולהטותם אליו; כי בבוא האסטראנאס הביתה, בית הרצים, לשפוך חמה אפו על פקידו הנצב גם הוא לשטן לו, ובידו קנה-מדה, נהרו אחריו גם האכרים גרי הכפר אשר חדות היו לו כל מעשה התוכן, כליו ומסעו, ומדי שבתו בבית, חוט הטהערמאמעטער התנועע מרגע לרגע במעלות החום, והאכרים אשר לא גרעו עיניהם ממנו השתוממו מאד למראה עיניהם, וימהרו ויחלטו כי רוח חיים בקרבו, המסתתר מעין ראי. והתוכן ידע לכלכל דבר סכלותם זו, וישלח דברו אליהם על יד מליצו: כי מכשף הוא, ולו בתוך הקנה שבידו נפש חיה אשר תורנו דרכו ותשמרנו בכל עת מכל אסון ושואת פתאום; וזה לו האות: אם יהיו כדבריהם כי קרח הנהר נכון למוג, כי עתה לא תנוע ממקומה החיה אשר בקרבו אם יצאו החוצה, ועל עמדה תעמוד, וכי תנוע עד מקום זה אשר הראה למו באצבעו, אות הוא כי לא כדבריהם   תלאות החכמים. (המשך מגליון נומר 35.) אם רבו ועצמו מאד תלאות שני התוכנים האלה ומקריהו לרגל מסעם זו, הן כאין נחשבו לעמת מקרי דע-אויטעראָכע, אשר גדודים יצאו לקראתו ויקיפו עליו ראש ותלאה, ועל כל מדרך כף רגל התנגפו רגליו, עד כי מכל מסעות התוכנים אשר חרפו נפשם בימים ההם לרגל ההתבוננות בהתגלות הכוכב ההוא, כמעט לא נמצא שני לו אשר נשא סבול תלאות אין מספר, וישם נפשו בכפו בסוף חדש נאוועמבער 1790 אחז דע אויטעראכע דרכו מפאריז דרך וויען, קראקא, פעטעות. אם יווגד ללכת אתר חרש אבן-השעות (אוהרמאכער), ועוד עוזר לו על יד ימינו, לשרתו ולהיות לו למליץ, וישם פניו טאבלסקה. ארבע עגלות- שלג (שליטטען) נסעו אתו, האחת הובילה צדה לדרך, ועליה הפקידה עליזאבעטה מלכת רוסיא בימים ההם אחד משרי החיל להיות על יד התוכן למגן ולמחסה; השניה נשאה כל כלי התכונה וחרושת המעשה; בשלישית נסעו החרש ומשרתו, והוא לבדו ישב ברביעית, ויסע למסעיו, דרך שלש מאות פרסה. וכן נסע ויצא ממקומו מפעטערבורג ביום העשירי לחדש מארץ, שכן האביב, על כן נבאו לו רבים מראש כי לא יצלח לבוא אל מקומו בשלום, ורבים המכשולים המתעתדים לו, מפני הררי השלג המכסים פני האדמה שם עשר רגל גבוה, וימלאו חתחתים בדרך בצה ואגמון לכל עובר עת כי ימסו; אך הוא קוה לבוא בטרם ימושו ההרים האלה, ולא תאונה אליו רעה. בידו אחז כל היום את קנה המדה (טהערמאמעטער), וירא ראשית לו למהר נסיעתו מבלי-נוח, וכיום כן לילה לא שבתו, הוא . כן הוא ואין רע. כלם יחד יצאו החוצה, ויראו וישתוממו, כי התנועעה רוח החיה שבקנה המדה עשר מעלות אחורנית מאשר קוו; אז חלפה עברה כל חרדתם, וכרגע הביאו הרצים סוסים לדתום, ובשלום עברו את הנהר השלישי, אשר אחרי שלשה ומים נמס גמג ושטף מים עבר על כל גדותיו. עוד ביום בוא שאפפע דע-אויטעראכע טאבאלסקה. שלח ידו במלאכה להכין על ראש ההר במסבי העיר את המשמרות, להיות נכון ליום הכסא. ותושבי העיר, בראותם את המצב, את כלי-המעשה, קנה הראי, וכל כלי התכונה הנועדים בהר ההוא, וכי כל הלילה הוא מתנודד ומביט אל הכוכבים במשמרותיהם, החליטו, כי מעשה כשפים בידו, ולהשחית את יבול אדמתם הנה הוא בא; ולימים אחדים כשמעם כי ישא על שפתו תמיד את יום הששי לחדש יוני האמינו כי ביום ההוא הרוב תחרב התבל כלה ויושביה כמו כן ימותון, או למצער עיר מושבם לבדה הבוק תבוק ושואה תבוא עליהם, על כן התגורדו לארוב במסתרים נפשו ולהכריתו מארץ החיים; אך בהודע דבר מזמתם זו לשר הפלך מהר לשלוח עוד שומרים לראשו נוסף על הראשונים, ועליו צוה לשמור נפשו מלכד לבל יפול בשחיתותם. גם יום הששי לירח יוני בא, השמש זרחה בכל הודה והדרה, ופני השמים הטהרו, כל היום החמישי לשמחת לבו, אך לעת בואה כמו עב קל יצא ממחבואו לשלח למלכת השמים, וערפל כסה הודה. אז חרד ופחד לב האסטראנאם בקרבו, ושמחתו שבה למפח נפש, עד כי האמין כי שוא תהיה תמורתו, וכל עמלו ויגיעו אשר השתרגו עלו עליו עדי בואו עד המקום הזה לא ישאו פרי, יעלו בתהו ויאבדו. כל הלילה הוא התנודד נשא לשמים עיניו, ואין כל תקוה מוצאת לו. אכן מה גדלה שמחתו שנית בראותו לפנות בקר כי אתא רוח קדים ויפץ את העננים, ופני השמים שבה לקדמותם; התאפק בכל עליצות נפשו אשר עברו משכיות לבו, ויערוך את המשמר נצב הכן לקדם את פני האורח הבא. שר-הפלך וראש הכהנים גם הם נלוו אתו בעת ההיא לחזות מפלאות יוצר הכל, ומחוצה להם שומרים עליהם לבל יתפרצו חרשי משחית אשר ארבו לנפש התוכן. אך לשוא דאגו לאורבים! כי כל יושבי העיר למקטנם ועד גדולם אשר האמינו כי קרוב יום אידם, בקשו סתר למו בביתם להחבא מחמת אל זועם אשר יהפוך ערים תבל ומלואה ביום ההוא, ורבים באו בבית תפלתם לשמוע אל הרנה ואל התפלה בטרם יבוא יומם עת קצם. במקום ההוא נמצאים למרבה יתושים אשר ידאיבו מאז בשר אדם ובהמה אין נקי, בלתי אם יליטו פניהם ויכסו עוו בשרם, ושאפפע דע אויטעראכע בכל ימי המעשה לא הליהי פניו, על הן נשכו ויכאיבו בשרו, עד כי מרוב מכאובים נפל למשכב ימים אחדים, ובכ״ז לא שת לבו גם לזאת, ובשמחת נפש ורחב לב שב לארצו צרפתה, כי הצליח ה׳ חפצו בידו לבצע מעשהו עד תכלית אחרי תשע שנים, כי בא מועד העברת כוכב נוגה שנית, שולח שאפפע דע אויטעראכע קאליפאָרנה, וגם צלחה בידו לבוא אל מקומו בשלום בלי פגע. ובימים ההם היתה מגפה גדולה בעם אשר בהקאליפארגיע, אשר אכלה השלישית מיושביה; שני שרי החיל אשר שולחו במלאכות ממלכתם ספרד לחברה אתו, יעצוהו גם בקשוהו לצאת מן המקום הזה, ארץ אוכלת יושביה, ולבחר לו מקום אחר לשבתו, ולא נעתר למו, כי ירא פן יוחר מן המועד, וה׳ הצליח את דרכו גם בפעם הזאת, לראות ולהשכיל על כל מוצא דרכי נוגה בלי אסון ופגע. אך מגפת העם לא רפתה, ותלך הלוך וגדול; אחדים מאנשי חברתו מצאו קברם, כל עוד לא עזבהו כחו עמד להם בישע ימינו לעזרה להצילם ממות, כי רופא לא היה להם, אך באחרונה נגעה גם בו, נגעה וגם רפתה מעליו, ואולם בעמוד דע-אויטעראכע בלילה על המשמר להתבונן אל הליכות ליקוי לבנה, הדביקתהו המחלה שנית וגם כבדה ידה עליו, וימת בשנת 1769, ספריו שלחו צרפתה, ומהם נחפשו תעלומות חכמה. כה יקדישו חכמי לב חייהם, וישליכו נפשם מנגד לשם החכמה ותועלת בני- אדם, והבוערים בעם גם אל ערכם לא יבינו, ואת פועל ה׳ לא יביטו ט""ף שפירא מעיר סייני"
021-HZF-1875-09-28-001-20281_toc_12,נסיעה במדבר זאהארא," נסיעה במדבר זאהארא (המשך מגליון 37) שלשה ימים רצופים התמהמהנו כלנו על המקום הזה, וכל הנוסעים הכינו את כל צרכי הדרך ומלאו את הכלים עם מים חיים וקרים, וכל מיני מאכלים ומגדנות, וגם משקאות שונות לקחו עמם בדרך, גם אנחנו עם האיראפיים לא חבקנו ידינו כי קנינו סוסים טובים וחזקים וגם שני גמלים, על גמו אחד העמסנו את כל חפצינו וכל כלינו הנחוצים, על הגמל השני מים חיים ולחם ומזון, אשר שני עבדים שחורים שמרו אותם, ולמחרת היום נשמע במחנה קול תרועת שופר חזק מאד שכל אחד יערוך תפלה, ותחנה לאלהי הרוחות שישמור אותנו בדרך אשר אנחנו הולכים, וכל אחד יכין א״ע לדרך. כל היום וכל הלילה לא נתנו כל אנשי החבורה שינה לעיניהם ותנומה לעפעפיהם, וכל ידים היו מלאות עבודה, ועוד בשעה החמישית למחרת בבוקר הוא יום 25 לחודש יולי עמד כל אחד על משמרתו ומעמדו, וכלם התפרדו מן הנהר ניגער כמו עם ריע ואח, כי ידענו היטב שלא במהרה נשתה מים מנהר כזה, ואחרי עבור שעות מספר שמנו לדרך פעמינו. — אחרי שני ימים לנסיעתנו הגענו עד גבול המדבר זאהרא; האויר נהפך קל מהרה לאויר אידי וקיטורי עוד ביום הראשון בצעוד כסות רגלינו בהמדבר הזה, נפל עלינו עצב איום ונורא מאד, וכלנו הורדנו את ראשנו לארץ, כי בכל שטח הרחב מכל הככר לא היה נראה שם לא הרים לא עצים ולא אבנים, כי אם חול רב כמים לים מכסים, לבן ודק מאד, והלכנו באין דרך ובאין נתיב, וכי נחמתנו היה כי דרכנו אשר הלכנו בה   נים ובטוחים כי לא נתעינו חק-ם האטלאנטי, ועי""ז היינו ב מדרך הישר, והתענגו לשמוע מרחוק את המית שטפו העז, אבל לא לעולם היה העונג והנעימות הזה, כי אחרי עבור זמן לא כביר אבדנו גם את הנחמה הזאת, כי היינו נלחצים להטות את צעדי כפינו אל צד המזרח מן הדרך הזה, אז חבק אותנו המדבר הנורא והאיום בכל עבר ופנה בזרועותיו, כמו שדבר לפנים המלך הקדמון פרעה אל היהודים „סגר עליהם המדבר״. — הסמנים הנכונים והבטוחים אשר היו לנו לאות נאמן כי לא נתעינו מדרך הישר היו פגרי אנשים וגמלים הרבה אשר מצאו קברם באשפת מצולות תהום החול בנסעם ג״כ בדרך הזה. — בבוקר ובערב הלכנו כלנו ברגל, וכאשר התחילה השמש לבעור ככבשן אש וללהט בלהט אשו ברעם גבורתה, אז היינו נלחצים לעלות על דבשת הגמלים, כי החול בעד כגחלי אש לוהט אשר לא היה אז לאל ידנו ללכת יחפים, כי להלביש את הנעלים לא יכולנו, כי החול החם יאכל את נעל העור בכל פה. — אחרי עבור עשרה ימים, הגענו במקום רבים עם כלי נשא בידיהם, וגם כושים (מורינען) אחדים בלא כלי נשק, וכלם עמדו לשמרו מכל אסון ופגע, ואף כי כל אחד מאנשי החבורה היה חגור עם כל מיני כלי נשק שונים היטב מאד, בכל זאת עמד כל אחד בפיק ברכים כושלות ובלב מלא חרדה ופחד, וכאשר שאל אחד מן הנוסעים את פי הפאשא, מדוע יעמדו סביבו הכושים האלה בלא כל כלי נשק, אשר מבלי זאת לא יוכלו להועיל מאומה. ענהו הפאשא, כי באם שתקצר היד לנצח את החיות האיומות האלה במהרה, אזי ישליך להם אחדים מן השחורים האלה לשכך מעט חמת רוחם. חיל ורעדה אחזתני בשמעי את חליפות הדברים האלה. (המשך יבוא) אחד אשר כל שטח הככר מכוסה באבנים ומחצצים קטנים מאבני-הקיעזעל. ולא היה לאל ידנו לרדת מעל בעירינו אף פסיעה אחת, כי דם הרבה היה נגרים מרגלי האיש אשר העיז לבו לרדת מעל דבשת הגמל אף פסיעה אחת. ולשמחת לבבינו פגשנו שם אחרי הסלעים והכיפים מין היה אחת קטנה כהתול- הבית, אשר הערביים והכושים מן החבורה צדו אותם ואכלום בפה מלא, ומן עורותיהם עשינו כתבנית נעלים לרגלינו אשר בזאת היה לאל ידנו להשתמר מבלי יכשלו רגלינו בהאבנים. מין החיה הזאת נקראת בשם „אייכנעוומאן"" או „עכבר-הזולל"" המחפש אחרי ביצת התנין (קראקאדיל) ויאכל אותם בפה מלא, תמהר לרוץ קל מהרה, ותתיצב מול פני האדם בפגשה אותו על רגליה האחרונות, ועם רגליה הקדומות תגין בעד קוי להט השמש ותתבונן על האדם בלי נועה היטב מאד בהמקום הזה שחרו אותנו פעם אחת בלילה שני אורחים בלתי נכבדים ובלתי-קרואים, אשר הם מהשליטים הראשונים והנוראים אשר ימשלו בהמדבר הנורא הזה, הלא הם: הגמר (טיגער) הפאנטער, כי כמהלך רבע וויערסט ממרבץ מחננו רדף הראשון אחד משנהו לשכך עמו חמת הרעב אשר אכף עליו בתוקף ידו. לקול שני החיות הנוראות האלה צללו אזנינו, וקל מהרה קמנו כלנו ממשכבנו בבהלה נוראה, אשר זה כמעט שכבנו לנוח מתלאות היום וליתן שינה לעינינו, כל הסוסים נחרו וכל הגמלים צעקו, ושערותיהם סמרו כמסמרות נטועות, אז הבינותי אני עם מרעי כי האורחים האלה אשר ישחרו אותנו לא ישובו ריקם מלפנינו, הלילה היתה ליל בהיר בשחקים והירח יקר הולך, והיה לאל ידנו לראות את המחזה את בבירות היטב מאד, וראינו כלנו לחרדת נפשנו כי הגמר והפאנטער, ירוצו נגדנו, שלשים אנשי חיל עם קני רוכום בידיהם התיצבו בראש החבורה וכוננו את נשקיהם נגד הגמר והפאנטער, וקל מהרה נעלם הפאנטער מעינינו, הגמר איננו דומה בטבעו אל האריה, כי האריה בפגשו אנשים או בעלי חיים אחרים, יטרוף רק אחד מהם וילך לדרכו, אבל לא כן הגמר האכזר הוא יפול על האדם ועל הבהמה יחד, וחמת עברתו לא ישכך עד אשר ישים קץ לחיי כל המחנה וישחטם עד אחד. אנכי עם מרעי התיצבנו על הפאשא „זינגע"" כי הוא היה רובה מהולל להפליא, ואשר סביבו עמדו עוד רובים"
021-HZF-1875-09-28-001-20281_toc_13,חדשות שונות.," חדשות שונות. - בימים ההם מצאו חופרים באדמה בסביבות העיר אפטאוו בבעהמען, מטבע עתיקה לימים אשר הדרת הזקנה חופפת עליה, ואשר עוד מימי המלך Lisymach היא. המטבע הזאת יפה היא להלל עד מאד, וגם ברבות הימים לא נתקלקלה מעבר מזה תמונת ליזימאך, ועל העבר השני ישב האליל arעל מרומי כסאו, וידו הימנית ישא אל על ויראה על תמונת אליל „הנצחון"" Nike אשר במרום ימריא, ועל סביבות התמונה הזאת כתוב יונית „מלך ליזימאך"". המלך הזה אשר היה אחד מגבורי אלכסנדר הגדול (מוקדון) מלך על ארץ טראציע אחרי מות אלכסנדר, ואחרי כן ישב לכסא מלכות ארץ מוקדוניא, ומת כערך 281 שנה לפני ספירת הנוצרים, עד כי עתה עברו על המטבע הזאת יותר מאלפים שנה המציאה היקרה הזאת הובאה למשמרת אל בית שביות החמדה (מוזעאום) אשר בפראג. — בעיר אייזלעבין מכרו לפני שנה ממכרת ליצטאציאן תנ״ך עתיק יומים, אשר על שוליו היו כתובים הגהות באצבע איש. את הספר הישן נושן הזה מכרו בעד אגורות כסף אחדים, אך אחרי כן נודע כי ההגהות אלה כתובות באצבע לוטהער, ומחיר התנ״ך עלה עד 900 שקל, ועתה הוא בידי איש אנגלי אחד בלייפציג, אשר שלם בעדו 2,500 שקל כסף."
021-HZF-1875-09-28-001-20281_toc_14,,"  הודעה בימים האלה יסדנו בית מסחר ספרים שונים עמית, אמנויה ורוסית, וכל אשר יאבה לקנות לו ספרים אם לעצמו ואם למסחר יוכל לפנות אלינו, ונקוה כי יפיק רצון כחפצו למחברים בעמנו נבקש כי יאבו נא לכבדנו כל אחד בספרו למבחן, וירשום המחיר ומקום מגורתו, למען נוכל לבוא בברית המסחר אתו, כ״כ יוכל כל איש להשיג על ידינו מכה״ע הצפירה והשחר במחירם הידוע, וכן כל שאר מכה״ע בשפות שונות, הכותב אלינו יכתוב על האדרעסע ד א .  מיכאל סלאנימסקי. .     1 Миканцу Слонинскому. Со Iорская № 26. . 8. נ . .  Редакторъ-издатель З. Вленинскин י"
021-HZF-1875-09-28-001-20281_toc_15,,"  הודעה יש אתי בכתובים בתוך שאר ספרים כ״י „מורה שפת צרפת"" ע״פ שטת אללענדארף עם „מפתח"" כתובים על טהרת שפתנו כפי חוקיה ומשפטיה. מי ממו״ס או אנשים פרטים אשר חפצם לקנות הכתבים ממני יפנו אלי ואודיעם את דברי ראקאווסקי (המכונה אברבנאל) בעהמ""ח ס׳ „נדחי ישראל או האנוסים בספרד״ А. равовскiя въ Ванбровъ. Ло. губ."
021-HZF-1875-09-28-001-20281_toc_16,, חרונה לכתוב אלי יכתוב עים אדרעססע S. Sionimski in Warschau S. Соски г. Варшава או    
021-HZF-1875-09-28-001-20281_toc_17,," Въ Гипограсiя М. Гольдмана, Мурановская № 24. Дозволено Пензуропо, Варшава 15 (27 1875 г. — tz T  .   .   "
